player_id,match_id,mean_speed,max_speed,speed_std,snap_angle,aim_jitter,reaction_mean,reaction_std,hit_rate,headshot_rate,path_straightness,true_label,cluster,anomaly_type,is_anomaly,anomaly_score,top_reason,top_reason_z,pca_x,pca_y
M001_P01,M001,4.123016666666666,6.0,0.8876355931403311,15.738675,2.544341981947763,254.27352941176474,57.805448567894295,0.35294117647058826,0.16666666666666666,0.21846781666131562,human,0,normal,0,0.0,path_straightness,0.7,-0.3233,-0.4999
M001_P02,M001,8.550873333333332,12.281,1.705456648100656,15.37525,2.3265329305426796,261.90749999999997,63.31451159256563,0.35,0.2857142857142857,0.07475349483390692,speedhack,-1,noise,1,5.9048,mean_speed,6.4,10.7064,-0.7431
M001_P03,M001,4.221086666666666,6.0,0.8379274394609362,19.39248979591837,2.267226855481193,239.1046511627907,59.277948816966024,0.46511627906976744,0.35,0.06824894081571951,human,0,normal,0,0.0,path_straightness,1.56,-0.138,1.1311
M001_P04,M001,4.257763333333333,6.0,0.8717434769592249,11.70068292682927,2.817702224628048,268.9529411764706,51.39298522640306,0.35294117647058826,0.08333333333333333,0.18589754650814394,human,0,normal,0,0.0,aim_jitter,1.7,-0.4752,-1.402
M001_P05,M001,4.153386666666667,6.0,0.9102303232112187,17.371702127659574,2.6456234529020666,251.7205128205128,48.20269254047068,0.38461538461538464,0.13333333333333333,0.6914258235305107,human,0,normal,0,0.0,path_straightness,2.01,-0.4185,0.1376
M001_P06,M001,4.128956666666667,6.0,0.8977301820264778,14.334433962264152,2.567853771858387,292.4304347826087,47.77016674576168,0.30434782608695654,0.07142857142857142,0.09189963932692248,human,0,normal,0,0.0,path_straightness,1.42,-0.3591,-1.2027
M001_P07,M001,4.202313333333334,6.0,0.8009224417389984,13.397270833333332,2.6703628560810406,276.91190476190474,52.2400892800798,0.19047619047619047,0.125,0.22281314928998236,human,0,normal,0,0.0,hit_rate,1.22,-0.7615,-1.7148
M001_P08,M001,4.2584,6.0,0.863804035283025,15.622814814814816,2.6875183031653966,256.62619047619046,54.80344950654559,0.16666666666666666,0.14285714285714285,0.24865291354388316,human,0,normal,0,0.0,hit_rate,1.42,-0.4519,-1.4418
M001_P09,M001,4.22696,6.0,0.8491152497893023,14.985981481481481,2.4532855079209215,298.6888888888889,59.45595141556612,0.2222222222222222,0.0,0.22130802907458325,human,0,normal,0,0.0,headshot_rate,1.5,-0.4339,-1.8751
M001_P10,M001,4.296073333333334,6.0,0.8781024052290936,19.91687755102041,2.0906976379940607,241.81388888888887,60.22562887190032,0.3611111111111111,0.07692307692307693,0.12572628247613854,human,0,normal,0,0.0,aim_jitter,1.84,0.03,0.4022
M002_P01,M002,4.232833333333333,6.0,0.8835609044060696,18.00071111111111,2.4855727773361025,273.0942857142857,48.3428134622446,0.2571428571428571,0.1111111111111111,0.16075202442711753,human,0,normal,0,0.0,path_straightness,1.03,-0.2778,-0.6222
M002_P02,M002,4.30361,6.0,0.8595255465179943,15.799608695652172,2.4068853120002993,255.43076923076927,56.951984179871125,0.23076923076923078,0.2222222222222222,0.4190582741568153,human,0,normal,0,0.0,hit_rate,0.88,-0.2903,-0.5997
M002_P03,M002,4.19793,6.0,0.8553271773817859,18.10863043478261,2.39822885021453,263.2375,57.73782339160353,0.375,0.26666666666666666,0.16519822973896908,human,0,normal,0,0.0,path_straightness,1.0,-0.244,0.1062
M002_P04,M002,4.281186666666667,6.0,0.891436500976448,12.821325000000002,2.67378579362874,280.84838709677416,53.44486174845837,0.3548387096774194,0.18181818181818182,0.23981568757541344,human,0,normal,0,0.0,aim_jitter,1.0,-0.2695,-1.0709
M002_P05,M002,4.179143333333333,6.0,0.8349414311397344,12.031069767441862,2.7106223065036783,276.703448275862,55.534252511134454,0.20689655172413793,0.0,0.2873393514925206,human,0,normal,0,0.0,headshot_rate,1.5,-0.7164,-2.1722
M002_P06,M002,4.19091,6.0,0.8825188687760843,40.96518181818181,2.5238275984277463,218.3681818181818,21.331675226417822,0.6363636363636364,0.42857142857142855,0.2986118151813533,aimbot,-1,noise,1,3.0043,snap_angle,5.68,-0.1102,5.3696
M002_P07,M002,4.126566666666666,6.0,0.8628169848738753,17.297135135135132,2.4054017382052058,254.64230769230764,46.243721070665785,0.2692307692307692,0.14285714285714285,0.3168872504963445,human,0,normal,0,0.0,hit_rate,0.55,-0.4628,-0.1159
M002_P08,M002,4.274916666666667,6.0,0.8789563835231011,19.361645161290323,2.253215207871885,246.82127659574465,59.60773927053073,0.2765957446808511,0.07692307692307693,0.5292371353236425,human,0,normal,0,0.0,path_straightness,1.08,-0.1972,-0.0895
M002_P09,M002,4.12677,6.0,0.8879883302624388,12.137000000000002,2.7451324856329937,266.5064516129033,48.65733884683701,0.45161290322580644,0.14285714285714285,0.351364983201238,human,0,normal,0,0.0,aim_jitter,1.34,-0.4967,-0.5372
M002_P10,M002,4.171193333333334,6.0,0.9089520092608594,15.282479166666667,2.9340876417889,266.576923076923,63.94936509103556,0.23076923076923078,0.1111111111111111,0.3934557959984734,human,0,normal,0,0.0,aim_jitter,2.26,-0.4441,-1.9776
M003_P01,M003,4.193813333333334,6.0,0.8654851782679822,17.550826923076922,2.167244451721366,230.6904761904762,59.00009842705229,0.3333333333333333,0.21428571428571427,0.5014637546259919,human,0,normal,0,0.0,aim_jitter,1.46,-0.2294,0.557
M003_P02,M003,4.2074766666666665,6.0,0.87457743420291,12.166652173913045,2.431496695151928,270.69722222222225,59.977359948143814,0.3055555555555556,0.2727272727272727,0.49055607510504673,human,0,normal,0,0.0,snap_angle,1.04,-0.3146,-0.8193
M003_P03,M003,4.20174,6.0,0.8394765842585454,14.928675675675672,2.2331424489977025,253.130303030303,46.500097344309964,0.30303030303030304,0.3,0.561281840320684,human,0,normal,0,0.0,path_straightness,1.27,-0.43,0.459
M003_P04,M003,4.16146,6.0,0.9118372179874121,18.451258064516125,2.0152806282494677,227.54347826086956,32.292425597779776,0.30434782608695654,0.42857142857142855,0.07885697821704112,human,-1,noise,1,1.1769,aim_jitter,2.2,0.0454,1.9262
M003_P05,M003,4.167039999999999,6.0,0.886834009422033,15.357,2.469070374591879,269.08648648648654,56.362995948692365,0.24324324324324326,0.2222222222222222,0.5221221098311563,human,0,normal,0,0.0,path_straightness,1.04,-0.3562,-0.7647
M003_P06,M003,4.231766666666666,6.0,0.8705506727362634,17.699625,2.3521114697779026,268.14,63.29430218949549,0.23333333333333334,0.2857142857142857,0.33905481705049517,human,0,normal,0,0.0,reaction_std,0.95,-0.1894,-0.5915
M003_P07,M003,4.171663333333333,6.0,0.9136071933100033,16.43136842105263,2.5999287616314004,253.66333333333336,44.10223610980579,0.43333333333333335,0.46153846153846156,0.10586131038910301,human,0,normal,0,0.0,headshot_rate,1.86,-0.1078,0.8373
M003_P08,M003,4.197053333333333,6.0,0.9034390058436826,17.05425,2.0982914967019575,258.7459459459459,56.71771521508266,0.1891891891891892,0.14285714285714285,0.19170567483634435,human,0,normal,0,0.0,aim_jitter,1.8,-0.0415,-0.5094
M003_P09,M003,4.198226666666666,6.0,0.8749662441394528,13.088920000000003,2.8057782220033487,287.25813953488375,44.944549076549336,0.18604651162790697,0.25,0.32991309367265914,human,0,normal,0,0.0,aim_jitter,1.64,-0.5553,-1.5291
M003_P10,M003,4.278566666666667,6.0,0.8507850116268613,14.148769230769231,2.6552818739210107,263.81666666666666,50.39855008405215,0.26666666666666666,0.125,0.5168997011402594,human,0,normal,0,0.0,path_straightness,1.01,-0.5533,-0.9781
M004_P01,M004,4.169136666666668,6.0,0.8345442298409103,17.876019607843137,2.7069587927515406,266.9325,50.92274887085439,0.225,0.1111111111111111,0.6538592228760032,human,0,normal,0,0.0,path_straightness,1.8,-0.7564,-0.8751
M004_P02,M004,4.180843333333333,6.0,0.8330283345377262,13.546038461538462,2.8057371051378723,265.725,54.22679699945879,0.35,0.07142857142857142,0.3255883158931554,human,0,normal,0,0.0,aim_jitter,1.64,-0.7037,-1.2355
M004_P03,M004,4.231506666666666,6.0,0.8660942563168122,14.9873,2.449205619495897,263.3405405405406,52.02177140101729,0.21621621621621623,0.125,0.37270830269141797,human,0,normal,0,0.0,hit_rate,1.0,-0.4028,-0.9318
M004_P04,M004,4.139029999999999,6.0,0.9057440754433169,19.25275,2.5432814408948605,267.3457142857143,56.81573074865976,0.34285714285714286,0.25,0.08114119399016567,human,0,normal,0,0.0,path_straightness,1.48,-0.148,-0.2033
M004_P05,M004,4.3191,6.0,0.868942168178525,39.39911111111111,2.3554861758927044,178.32745098039217,30.916455672870217,0.8235294117647058,0.6666666666666666,0.48616080901042363,aimbot,-1,noise,1,3.4091,snap_angle,5.32,0.1424,6.9021
M004_P06,M004,4.140696666666666,6.0,0.9387038373753636,33.14797435897436,2.7840067209951953,227.5222222222222,24.84605421905881,0.4074074074074074,0.45454545454545453,0.41814831272535985,aimbot,-1,noise,1,2.3102,snap_angle,3.86,-0.1808,3.174
M004_P07,M004,4.130456666666666,6.0,0.9270854254467645,11.494594594594595,2.448889023939571,264.07666666666665,60.91677580693716,0.36666666666666664,0.18181818181818182,0.3184760193408631,human,0,normal,0,0.0,snap_angle,1.2,-0.1516,-0.8728
M004_P08,M004,4.174346666666667,6.0,0.9256911256041599,18.458789473684206,2.469089159517364,256.8483870967742,58.35408509531984,0.45161290322580644,0.21428571428571427,0.4291328686892167,human,0,normal,0,0.0,hit_rate,0.99,-0.0795,0.4108
M004_P09,M004,4.250636666666666,6.0,0.8393571704111571,13.908777777777782,2.74045689229724,273.26842105263154,61.26295165994039,0.3684210526315789,0.21428571428571427,0.6343607323779673,human,0,normal,0,0.0,path_straightness,1.69,-0.5745,-0.9421
M004_P10,M004,4.22368,6.0,0.878136422309934,18.49319444444444,2.521731208605487,250.17307692307688,40.78867056124587,0.23076923076923078,0.16666666666666666,0.6755474640364846,human,0,normal,0,0.0,path_straightness,1.92,-0.488,0.1123
M005_P01,M005,4.160333333333333,6.0,0.8779917733493403,17.749634146341464,2.4328401159387254,248.18181818181822,53.10135035091771,0.3939393939393939,0.15384615384615385,0.13702102242056352,human,0,normal,0,0.0,path_straightness,1.16,-0.2591,0.1884
M005_P02,M005,4.217420000000001,6.0,0.8829823950490492,16.65651923076923,2.60971023143996,269.86363636363626,55.239441128932384,0.3181818181818182,0.07142857142857142,0.03892444717441183,human,0,normal,0,0.0,path_straightness,1.72,-0.2885,-1.002
M005_P03,M005,4.145656666666667,6.0,0.9012754537880702,15.031815789473686,2.3981166569032855,258.2344827586207,57.68877877927679,0.13793103448275862,0.75,0.5128299115464592,human,-1,noise,1,1.4415,headshot_rate,3.97,-0.1226,-0.0035
M005_P04,M005,4.24183,6.0,0.8615652752471549,13.639999999999997,2.7307411133654242,283.3878787878788,45.87608825395697,0.42424242424242425,0.42857142857142855,0.3303941756522526,human,0,normal,0,0.0,headshot_rate,1.62,-0.394,-0.0142
M005_P05,M005,4.109913333333334,6.0,0.9355010457025641,15.78855172413793,2.5251766540587246,272.73658536585367,52.285058841401145,0.34146341463414637,0.2857142857142857,0.08360224430261003,human,0,normal,0,0.0,path_straightness,1.47,-0.0855,-0.3579
M005_P06,M005,4.279496666666668,6.0,0.8951755288286207,15.445162162162166,2.605674246650249,257.8310344827586,47.64965225062939,0.41379310344827586,0.08333333333333333,0.427544323007043,human,0,normal,0,0.0,headshot_rate,0.89,-0.3068,-0.1392
M005_P07,M005,4.204643333333333,6.0,0.9198377071421296,30.12958139534884,2.314831205798549,210.569696969697,27.71157795994849,0.6666666666666666,0.45454545454545453,0.19162269279841654,aimbot,-1,noise,1,1.9813,snap_angle,3.15,0.1342,4.5979
M005_P08,M005,4.193573333333334,6.0,0.848661872913675,12.10742105263158,2.394598026261777,267.076,68.40821218156158,0.3,0.13333333333333333,0.22791896149799673,human,0,normal,0,0.0,reaction_std,1.35,-0.3522,-1.4323
M005_P09,M005,4.16508,6.0,0.8461167603669798,18.078837209302325,2.478294050384303,245.45714285714286,62.09337032772067,0.4857142857142857,0.11764705882352941,0.42658115358286397,human,0,normal,0,0.0,hit_rate,1.28,-0.4167,0.3162
M005_P10,M005,4.1610966666666656,6.0,0.9380058371303048,16.021844444444444,2.7407568961980986,290.0081081081081,54.52948936318962,0.43243243243243246,0.125,0.2845012171594646,human,0,normal,0,0.0,aim_jitter,1.32,-0.1956,-0.7652
M006_P01,M006,4.146240000000001,6.0,0.850952790251879,19.22602777777778,2.442620090033904,256.29,51.916872215972866,0.26666666666666666,0.0,0.06042162627979674,human,0,normal,0,0.0,path_straightness,1.6,-0.448,-0.5968
M006_P02,M006,4.141299999999999,6.0,0.8921070601048751,10.99967441860465,2.7599378156676178,272.7567567567567,47.70838233208861,0.2972972972972973,0.09090909090909091,0.616517289281272,human,0,normal,0,0.0,path_straightness,1.58,-0.6226,-1.338
M006_P03,M006,4.194286666666667,6.0,0.8992395995210127,14.763085714285713,2.381228025411499,241.52222222222224,52.88424466070527,0.25925925925925924,0.2857142857142857,0.3927195491920883,human,0,normal,0,0.0,hit_rate,0.63,-0.2097,-0.1377
M006_P04,M006,4.170373333333333,6.0,0.8268992088686793,19.055558139534885,2.003362796319489,209.70277777777775,47.79086276153699,0.4722222222222222,0.29411764705882354,0.10091331269436614,human,0,normal,0,0.0,aim_jitter,2.26,-0.2015,2.1175
M006_P05,M006,4.18389,6.0,0.8621507704979647,14.236813953488372,2.4887228719399674,282.52058823529416,58.91116465370224,0.35294117647058826,0.3333333333333333,0.1354157596185716,human,0,normal,0,0.0,path_straightness,1.17,-0.2656,-0.6234
M006_P06,M006,4.189220000000001,6.0,0.8674972718432712,14.13088679245283,2.660036454141591,268.9863636363636,57.23666734528597,0.3409090909090909,0.13333333333333333,0.5090567220291631,human,0,normal,0,0.0,path_straightness,0.97,-0.5037,-0.9552
M006_P07,M006,4.185716666666666,6.0,0.9194802496449718,20.305953488372094,2.1683933221806813,244.1777777777778,59.87053704744268,0.5555555555555556,0.25,0.43366329324323144,human,0,normal,0,0.0,hit_rate,1.87,0.1027,1.6018
M006_P08,M006,4.19196,6.0,0.8937939605298296,11.878333333333332,2.4439979606905795,269.10303030303027,51.94881786942127,0.3333333333333333,0.0,0.24740326630781884,human,0,normal,0,0.0,headshot_rate,1.5,-0.3261,-1.1112
M006_P09,M006,4.177996666666666,6.0,0.8996094154261058,19.127962962962965,2.202135633217923,246.38510638297876,51.73562803465916,0.2978723404255319,0.2857142857142857,0.6554309181645311,human,0,normal,0,0.0,path_straightness,1.81,-0.1713,0.7934
M006_P10,M006,4.14867,6.0,0.8433406067717244,14.69675438596491,2.584032500072804,258.18222222222226,56.26047493937499,0.35555555555555557,0.1875,0.3821069566326939,human,0,normal,0,0.0,aim_jitter,0.56,-0.5452,-0.5213
M007_P01,M007,4.240049999999999,6.0,0.8949882573359444,15.928622222222222,2.4829580920904304,260.3166666666667,69.2721650963997,0.4166666666666667,0.26666666666666666,0.14325125880218934,human,0,normal,0,0.0,reaction_std,1.42,-0.029,-0.4265
M007_P02,M007,4.154373333333334,6.0,0.8301169160243563,16.081285714285716,2.4651906950651954,268.0193548387097,47.14670309685742,0.3225806451612903,0.2,0.14111654397775011,human,0,normal,0,0.0,path_straightness,1.14,-0.5141,-0.2343
M007_P03,M007,4.248796666666667,6.0,0.9422287542878915,18.46453191489362,2.2890689668692286,236.690243902439,48.854297686478155,0.43902439024390244,0.2222222222222222,0.24062827388991861,human,0,normal,0,0.0,hit_rate,0.89,0.1281,1.0888
M007_P04,M007,4.185556666666667,6.0,0.8470331579644287,11.681289473684211,2.6639751842576125,73.04666666666667,7.439119957839533,0.3333333333333333,0.0,0.06550478474519471,triggerbot,-1,noise,1,2.7826,reaction_mean,4.09,-0.8318,2.2042
M007_P05,M007,4.149786666666667,6.0,0.826903783629121,22.798739130434786,2.0559535722585185,230.9825,48.316068821979464,0.4,0.25,0.25588010153169877,human,0,normal,0,0.0,aim_jitter,2.01,-0.2849,1.8331
M007_P06,M007,4.235226666666668,6.0,0.8913496672949651,12.584692307692308,2.627427336587644,280.8314285714286,57.19176088043663,0.17142857142857143,0.16666666666666666,0.2465500404063077,human,0,normal,0,0.0,hit_rate,1.38,-0.3332,-1.9434
M007_P07,M007,4.220913333333334,6.0,0.8893226984784462,17.898833333333332,2.3129451631889246,265.49117647058824,54.20181349782277,0.35294117647058826,0.08333333333333333,0.4859598855222011,human,0,normal,0,0.0,headshot_rate,0.89,-0.2291,-0.0284
M007_P08,M007,4.1556033333333335,6.0,0.9420406757520932,14.38268292682927,2.528139228236723,273.72222222222223,57.43071408780253,0.3055555555555556,0.09090909090909091,0.681018033738539,human,0,normal,0,0.0,path_straightness,1.95,-0.2467,-0.9733
M007_P09,M007,4.184176666666667,6.0,0.8546637658348412,15.769466666666668,2.584532171896554,281.2944444444445,58.76576721889536,0.2222222222222222,0.0,0.5655530430747001,human,0,normal,0,0.0,headshot_rate,1.5,-0.6002,-1.6144
M007_P10,M007,4.25232,6.0,0.9341129129001604,21.75718604651163,2.3601745677796733,229.71176470588236,56.21974076191474,0.5294117647058824,0.16666666666666666,0.31659729520717494,human,0,normal,0,0.0,hit_rate,1.65,0.1166,1.4354
M008_P01,M008,4.167433333333333,6.0,0.8527276119348287,12.485238095238092,2.605609229102743,268.2903225806452,54.986703573613795,0.25806451612903225,0.125,0.19241520855375227,human,0,normal,0,0.0,snap_angle,0.97,-0.5244,-1.4488
M008_P02,M008,4.16195,6.0,0.9166072278793511,16.397377358490566,2.7344533450961794,274.18695652173915,56.43060874972672,0.34782608695652173,0.125,0.07976015192337599,human,0,normal,0,0.0,path_straightness,1.49,-0.2372,-1.0429
M008_P03,M008,4.2056499999999994,6.0,0.8501993121623528,13.657155555555558,2.3775300035219447,273.6868421052631,46.82132322646486,0.23684210526315788,0.2222222222222222,0.052541392684003166,human,0,normal,0,0.0,path_straightness,1.65,-0.3648,-0.7544
M008_P04,M008,4.288346666666667,6.0,0.8836998157576603,14.466849056603774,2.5930661358055382,278.0627906976744,47.616618863864936,0.3023255813953488,0.0,0.5057507913079233,human,0,normal,0,0.0,headshot_rate,1.5,-0.4272,-1.0376
M008_P05,M008,4.198989999999999,6.0,0.9333572712987709,15.437355555555557,2.5402277731248115,264.24102564102566,50.7414069362266,0.2564102564102564,0.1,0.4225887557985277,human,0,normal,0,0.0,headshot_rate,0.77,-0.2186,-0.8489
M008_P06,M008,4.152349999999999,6.0,0.8935425124592038,13.131046511627908,2.8609351775587886,274.0694444444444,45.566408802001405,0.19444444444444445,0.14285714285714285,0.5400577506482193,human,0,normal,0,0.0,aim_jitter,1.91,-0.6374,-1.5662
M008_P07,M008,4.245633333333333,6.0,0.9067096522779506,14.332127659574468,2.601344136093127,256.8694444444444,62.61400034882406,0.2222222222222222,0.375,0.08136041732422551,human,0,normal,0,0.0,path_straightness,1.48,-0.0802,-1.0967
M008_P08,M008,4.21397,6.0,0.8780047133637514,16.916694444444445,2.310558725333351,68.15555555555555,7.2738907868820215,0.5555555555555556,0.2,0.5155356554308504,triggerbot,-1,noise,1,2.7728,reaction_mean,4.2,-0.4693,4.7745
M008_P09,M008,4.150446666666666,6.0,0.9161320503076463,11.580785714285712,2.6615168909108706,281.60370370370373,48.413685934402736,0.18518518518518517,0.4,0.24912013455232487,human,0,normal,0,0.0,headshot_rate,1.42,-0.2894,-1.2716
M008_P10,M008,4.226806666666667,6.0,0.9022360902209648,17.392977272727276,2.3444492191376627,262.61351351351357,48.90009749003098,0.2972972972972973,0.18181818181818182,0.29059674886735337,human,0,normal,0,0.0,aim_jitter,0.6,-0.1475,-0.0262
M009_P01,M009,4.082636666666667,6.0,0.8724125956865808,22.624377777777774,2.155772239117748,242.2111111111111,55.67478412442735,0.25,0.4444444444444444,0.1260775953688293,human,0,normal,0,0.7496,headshot_rate,1.74,-0.1089,1.0125
M009_P02,M009,4.214143333333333,6.0,0.8304255242303186,18.726358974358973,2.2485049482093684,238.41818181818184,65.2479475469605,0.3333333333333333,0.0,0.6924040285718165,human,0,normal,0,0.7327,path_straightness,2.02,-0.4722,-0.0856
M009_P03,M009,4.244026666666667,6.0,0.9260355313413074,17.87248888888889,2.1197119011102683,229.375,52.007121100492476,0.375,0.25,0.08813407664963471,human,0,normal,0,0.0,aim_jitter,1.7,0.1774,0.9671
M009_P04,M009,4.2096,6.0,0.8707034253116834,14.382853658536586,2.3987737831412823,271.1,54.706623608724634,0.25806451612903225,0.0,0.48963044501327446,human,0,normal,0,0.0,headshot_rate,1.5,-0.4346,-1.127
M009_P05,M009,4.25247,6.0,0.9186626981341649,17.791400000000003,2.466543801769376,252.26176470588234,65.69502086527118,0.29411764705882354,0.2,0.2961896895136552,human,0,normal,0,0.0,reaction_std,1.14,-0.0233,-0.5893
M009_P06,M009,4.204026666666667,6.0,0.8306342054316082,13.633250000000002,2.38741956616577,269.3333333333333,57.94093256642205,0.36363636363636365,0.08333333333333333,0.23686516072275243,human,0,normal,0,0.0,headshot_rate,0.89,-0.4538,-0.7733
M009_P07,M009,4.178366666666666,6.0,0.8650508823101143,13.327687500000001,2.724685190884705,273.02564102564105,55.76525855833785,0.2564102564102564,0.1,0.5819252164212383,human,0,normal,0,0.0,path_straightness,1.39,-0.6214,-1.5035
M009_P08,M009,4.291963333333333,6.0,0.8203214407837865,17.1535,2.5257675526396586,263.3363636363637,59.09261702077204,0.24242424242424243,0.375,0.1114993676554662,human,0,normal,0,0.0,path_straightness,1.31,-0.3447,-0.5646
M009_P09,M009,4.190993333333332,6.0,0.8728743238517718,15.127853658536585,2.5863537419076317,286.9441176470588,61.236878328174754,0.14705882352941177,0.0,0.3449597546946642,human,0,normal,0,0.0,hit_rate,1.58,-0.4777,-2.2347
M009_P10,M009,4.21456,6.0,0.7857892096527471,10.643411764705883,2.8312138233620434,290.8625,66.45849943713668,0.25,0.3,0.1574290801598894,human,-1,noise,1,1.0617,aim_jitter,1.76,-0.7312,-2.2753
M010_P01,M010,6.626693333333333,9.604,1.5183056916179805,12.082208333333334,2.3692829590456332,267.9945945945947,41.07004143293872,0.32432432432432434,0.16666666666666666,0.21968172964467342,speedhack,-1,noise,1,3.7638,speed_std,4.27,6.4521,-0.5633
M010_P02,M010,4.1604866666666664,6.0,0.8470381427103759,23.068866666666672,2.077216976781061,224.11142857142858,48.495140881078285,0.34285714285714286,0.08333333333333333,0.2361452617288667,human,0,normal,0,0.0,aim_jitter,1.9,-0.2752,1.3185
M010_P03,M010,4.229746666666666,6.0,0.9327550853894903,15.188723404255322,2.5834482639777163,99.6774193548387,7.267998792763584,0.5806451612903226,0.16666666666666666,0.44161191608561634,triggerbot,-1,noise,1,2.7772,reaction_std,3.48,-0.3535,3.8747
M010_P04,M010,4.125876666666667,6.0,0.8970501684994575,16.38533333333333,2.5544597422229924,273.62105263157895,63.72422916478318,0.39473684210526316,0.06666666666666667,0.4069318239834067,human,0,normal,0,0.0,headshot_rate,1.02,-0.3231,-0.8174
M010_P05,M010,8.677396666666667,12.369,1.833305718872804,16.988285714285716,2.4861665962961847,252.00810810810813,61.176526809164585,0.2972972972972973,0.18181818181818182,0.49976227501716025,speedhack,-1,noise,1,6.2397,mean_speed,6.59,11.1369,-0.889
M010_P06,M010,4.145160000000001,6.0,0.8455631206697636,10.57925,2.71995389944823,279.7725,50.75165773470373,0.15,0.3333333333333333,0.32679036660769856,human,0,normal,0,0.0,hit_rate,1.56,-0.651,-1.748
M010_P07,M010,4.225426666666666,6.0,0.8733180325108283,19.02286046511628,2.3656235207449536,248.87567567567567,53.94290399943158,0.2972972972972973,0.0,0.2749674816974599,human,0,normal,0,0.0,headshot_rate,1.5,-0.2975,-0.2828
M010_P08,M010,4.1513599999999995,6.0,0.9187763658446938,13.798000000000002,2.5887091278074776,230.23999999999998,54.46779877549923,0.4,0.08333333333333333,0.408440571210371,human,0,normal,0,0.0,headshot_rate,0.89,-0.2992,-0.2638
M010_P09,M010,4.210986666666667,6.0,0.8759247305567367,13.604439024390246,2.4800227396540464,246.38437499999998,55.67774275513018,0.34375,0.18181818181818182,0.21008096664337655,human,0,normal,0,0.0,path_straightness,0.74,-0.2892,-0.4714
M010_P10,M010,4.194936666666667,6.0,0.85940522287952,20.399684210526313,2.0948927006768874,224.15,53.41291817141436,0.36666666666666664,0.18181818181818182,0.5686635108542074,human,0,normal,0,0.0,aim_jitter,1.82,-0.247,1.301
M011_P01,M011,4.221356666666666,6.0,0.8227170599044049,17.23535135135135,2.247020690450045,242.82500000000002,49.01284506618119,0.35714285714285715,0.3,0.4304589253732816,human,0,normal,0,0.0,aim_jitter,1.08,-0.405,0.8645
M011_P02,M011,4.14527,6.0,0.886197697071209,15.638822222222224,2.193764782200517,240.8692307692307,57.351938221944735,0.3076923076923077,0.3333333333333333,0.5472538797623012,human,0,normal,0,0.0,aim_jitter,1.34,-0.2002,0.4274
M011_P03,M011,4.123953333333333,6.0,0.901732515543004,11.591268292682928,2.5822450285279777,255.03333333333333,47.15983902290875,0.15151515151515152,0.0,0.47091672725905354,human,0,normal,0,0.0,hit_rate,1.55,-0.5584,-1.6665
M011_P04,M011,4.202366666666666,6.0,0.8834520079722438,17.13544230769231,2.4162747821474784,246.07560975609758,58.6114953762818,0.3170731707317073,0.23076923076923078,0.14429006931396796,human,0,normal,0,0.0,path_straightness,1.12,-0.1678,-0.1756
M011_P05,M011,4.111206666666667,6.0,0.8552206020766083,17.206428571428567,2.4416694860547636,275.23703703703706,66.9363138659436,0.25925925925925924,0.14285714285714285,0.3260524820294226,human,0,normal,0,0.0,reaction_std,1.24,-0.4188,-1.1465
M011_P06,M011,4.194763333333333,6.0,0.8833716008980211,15.039555555555552,2.8520760152542635,285.3999999999999,55.90504847010191,0.24324324324324326,0.1111111111111111,0.2823324005900434,human,0,normal,0,0.0,aim_jitter,1.86,-0.4946,-1.8182
M011_P07,M011,4.142519999999999,6.0,0.9139745700230556,14.37194230769231,2.4458914135296586,265.5787234042553,65.93132440248193,0.3404255319148936,0.3125,0.16049651506508636,human,0,normal,0,0.0,reaction_std,1.16,-0.0611,-0.6878
M011_P08,M011,4.142246666666667,6.0,0.9185701440394328,14.902409090909094,2.4943391285017515,280.8777777777778,55.21454317277087,0.19444444444444445,0.2857142857142857,0.16417005819979125,human,0,normal,0,0.0,hit_rate,1.18,-0.1665,-1.1668
M011_P09,M011,4.2655,6.0,0.8494898744674608,15.939550000000002,2.5702665776019478,272.265625,62.10606229499921,0.28125,0.2222222222222222,0.2906629821635582,human,0,normal,0,0.0,reaction_std,0.86,-0.3561,-1.0192
M011_P10,M011,4.220153333333332,6.0,0.8673379118505851,16.674972222222223,2.403373170186489,270.2064516129032,62.794665036046226,0.41935483870967744,0.15384615384615385,0.3300064626538132,human,0,normal,0,0.0,reaction_std,0.91,-0.2354,-0.2658
M012_P01,M012,4.230573333333334,6.0,0.8917281770592578,15.971575000000001,2.60814560061313,281.23939393939395,57.936716226596864,0.3333333333333333,0.36363636363636365,0.4008941859606346,human,0,normal,0,0.0,headshot_rate,1.15,-0.2187,-0.4836
M012_P02,M012,4.135503333333332,6.0,0.9196951927027185,18.147538461538463,2.6328232764095674,269.268,51.34617577450795,0.24,0.16666666666666666,0.3961349852282319,human,0,normal,0,0.0,aim_jitter,0.8,-0.3171,-0.731
M012_P03,M012,4.150980000000001,6.0,0.8789484251347305,20.913684210526313,2.3193077485086198,240.33939393939394,50.480596144669406,0.36363636363636365,0.08333333333333333,0.3919001993555957,human,0,normal,0,0.0,snap_angle,1.0,-0.3048,0.6732
M012_P04,M012,4.273843333333334,6.0,0.8614964340078546,17.364767441860465,2.486072672342473,274.22121212121215,61.08486799924224,0.3939393939393939,0.3076923076923077,0.546665934682269,human,0,normal,0,0.0,path_straightness,1.18,-0.2616,-0.0046
M012_P05,M012,4.168683333333333,6.0,0.8524778107267624,13.320761904761904,2.151410133402275,60.39411764705883,7.557534517667764,0.5588235294117647,0.10526315789473684,0.19941942040342084,triggerbot,-1,noise,1,2.8418,reaction_mean,4.38,-0.5158,4.4135
M012_P06,M012,4.193003333333333,6.0,0.9010578342840362,14.355799999999999,2.473590306401116,105.83513513513515,8.350356486609028,0.7297297297297297,0.2222222222222222,0.5502578254214845,triggerbot,-1,noise,1,2.7507,reaction_std,3.39,-0.4268,4.6197
M012_P07,M012,4.148146666666666,6.0,0.8434150193142788,16.863625000000003,2.3995943926511103,266.44,45.993654734779106,0.3333333333333333,0.0,0.21629786029854928,human,0,normal,0,0.0,headshot_rate,1.5,-0.5264,-0.3365
M012_P08,M012,4.18428,6.0,0.9021099875841064,14.236106382978726,2.5565950213098643,255.76,48.52559884833719,0.275,0.18181818181818182,0.25753075961795757,human,0,normal,0,0.0,snap_angle,0.56,-0.3057,-0.6436
M012_P09,M012,4.210686666666667,6.0,0.9350387657563255,13.014513513513512,2.682676728320232,245.94444444444449,50.49874585901449,0.14814814814814814,0.0,0.410215165761513,human,0,normal,0,0.0,hit_rate,1.57,-0.3541,-1.7247
M012_P10,M012,4.22561,6.0,0.8837918257169012,16.46575,2.5683452914813674,293.3583333333333,49.037754405588935,0.2777777777777778,0.3,0.5756180680132136,human,0,normal,0,0.0,path_straightness,1.35,-0.3621,-0.4954
M013_P01,M013,4.22958,6.0,0.8312804948614659,13.951725,2.5248901356591333,280.86875,43.82190082522076,0.5,0.1875,0.29496481957513515,human,0,normal,0,0.0,hit_rate,1.4,-0.4958,0.2176
M013_P02,M013,4.2154266666666675,6.0,0.8641978850765556,23.085341463414633,2.243392551735217,237.6714285714286,60.35486329873943,0.39285714285714285,0.0,0.5849229218268709,human,0,normal,0,0.0,snap_angle,1.51,-0.279,0.7193
M013_P03,M013,4.252816666666666,6.0,0.8714426145711053,19.144875,2.1987761255260603,266.9342857142858,45.04628954398656,0.42857142857142855,0.3333333333333333,0.5032848385890187,human,0,normal,0,0.0,aim_jitter,1.31,-0.1503,1.3706
M013_P04,M013,4.204423333333334,6.0,0.8613913557037587,17.736558139534885,2.382395759050535,261.00000000000006,55.89509050763888,0.3333333333333333,0.4166666666666667,0.10119490632950891,human,0,normal,0,0.0,headshot_rate,1.54,-0.1614,0.28
M013_P05,M013,4.25192,6.0,0.8752323228701369,16.676023255813952,2.5226853957217767,280.4384615384615,65.18117509714392,0.28205128205128205,0.2727272727272727,0.18683324036885193,human,0,normal,0,0.0,reaction_std,1.1,-0.1753,-1.0196
M013_P06,M013,4.178616666666667,6.0,0.9214076640300608,13.199795918367347,2.559134952837902,271.5804878048781,52.973046068317586,0.24390243902439024,0.1,0.6839276726005835,human,0,normal,0,0.0,path_straightness,1.97,-0.3708,-1.1903
M013_P07,M013,4.215776666666668,6.0,0.9290916303829858,16.959596153846153,2.500063974076984,245.3595238095238,60.24485833550671,0.38095238095238093,0.25,0.36196373386840797,human,0,normal,0,0.0,reaction_std,0.71,-0.0385,0.0343
M013_P08,M013,4.167369999999999,6.0,0.8822597087852416,18.077980000000004,2.502995088231466,269.68095238095236,59.12586920144976,0.14285714285714285,0.16666666666666666,0.17569363484659145,human,0,normal,0,0.0,hit_rate,1.62,-0.3101,-1.3212
M013_P09,M013,4.181353333333334,6.0,0.8758548705902581,18.577061224489796,1.929333676592379,220.0,51.49347940324708,0.4358974358974359,0.23529411764705882,0.31994071848269034,human,0,normal,0,0.0,aim_jitter,2.62,-0.0386,1.7507
M013_P10,M013,4.224653333333333,6.0,0.9023466470229354,16.559,2.3797072689740713,234.2351351351351,55.24908856068837,0.5135135135135135,0.2631578947368421,0.6073327771943985,human,0,normal,0,0.0,path_straightness,1.53,-0.1355,1.1392
M014_P01,M014,4.268886666666667,6.0,0.903657810577441,34.763673913043476,2.629914275932199,180.01538461538462,29.822444201266464,0.7435897435897436,0.6206896551724138,0.2938587060736406,aimbot,-1,noise,1,2.9226,snap_angle,4.23,0.0826,5.5805
M014_P02,M014,7.015556666666666,10.311,1.4775298196705227,19.145195652173914,2.419412647603113,252.2058823529412,59.016622933976784,0.35294117647058826,0.16666666666666666,0.4376249312521852,speedhack,-1,noise,1,4.0024,max_speed,4.3,7.1231,-0.1931
M014_P03,M014,4.144539999999999,6.0,0.9091596445422631,14.746441860465115,2.593449984242704,255.05151515151516,51.52641992956212,0.30303030303030304,0.4,0.17926251740601606,human,0,normal,0,0.0,headshot_rate,1.42,-0.2017,-0.2176
M014_P04,M014,5.57628,8.114,1.1901836294620527,13.976645833333334,2.151712988727022,278.33658536585364,65.20637912082513,0.43902439024390244,0.16666666666666666,0.28143793323768995,speedhack,-1,noise,1,2.177,max_speed,2.02,3.6083,-0.4039
M014_P05,M014,4.197069999999999,6.0,0.8830912744994087,13.982914285714287,2.752468109932943,285.49062499999997,56.065142752469995,0.4375,0.2857142857142857,0.4233463771242695,human,0,normal,0,0.0,aim_jitter,1.38,-0.3742,-0.5746
M014_P06,M014,4.109446666666667,6.0,0.8794725200561995,19.812075471698115,2.2865978914503273,222.25581395348834,55.80034264413309,0.32558139534883723,0.35714285714285715,0.1018903748770112,human,0,normal,0,0.0,path_straightness,1.36,-0.1442,0.9019
M014_P07,M014,4.174573333333334,6.0,0.8683438959850742,17.40072,2.4689997900357925,267.9527777777778,49.90594860684652,0.25,0.0,0.3777258791172367,human,0,normal,0,0.0,headshot_rate,1.5,-0.4791,-0.8103
M014_P08,M014,4.165726666666667,6.0,0.8473913611897115,17.306243243243244,2.3367538922547686,271.21666666666664,52.70733825329378,0.3333333333333333,0.5,0.4436313657667669,human,0,normal,0,0.0,headshot_rate,2.14,-0.3096,0.6113
M014_P09,M014,4.263056666666667,6.0,0.8524615509070218,15.403611111111111,2.49812617787969,269.4852941176471,61.21181868626818,0.35294117647058826,0.4166666666666667,0.4705961400987809,human,0,normal,0,0.0,headshot_rate,1.54,-0.2806,-0.1463
M014_P10,M014,4.194993333333333,6.0,0.8891168779738027,14.569095238095237,2.665181771792106,257.8166666666667,60.26834294154387,0.36666666666666664,0.36363636363636365,0.3296701526085784,human,0,normal,0,0.0,headshot_rate,1.15,-0.26,-0.4075
M015_P01,M015,4.2834900000000005,6.0,0.8799132728812779,16.817020833333334,2.5245184874293436,272.5785714285715,62.10375478894185,0.23809523809523808,0.2,0.3867760014084282,human,0,normal,0,0.0,reaction_std,0.86,-0.239,-1.06
M015_P02,M015,4.2054800000000006,6.0,0.9075752083414281,13.259772727272725,2.796379011416406,106.89999999999998,8.976197480677506,0.47058823529411764,0.1875,0.7687553965109877,triggerbot,-1,noise,1,2.6263,reaction_std,3.34,-0.6874,2.9815
M015_P03,M015,4.214813333333333,6.0,0.8564025081752847,14.228659574468082,2.4804273255866183,269.7085714285715,54.67466007010481,0.17142857142857143,0.0,0.5052047233248449,human,0,normal,0,0.0,headshot_rate,1.5,-0.5546,-1.5893
M015_P04,M015,4.24953,6.0,0.7927007193986373,30.787666666666667,2.265307438310191,185.9216216216216,28.57100448526963,0.7027027027027027,0.5384615384615384,0.5401986350882215,aimbot,-1,noise,1,2.1546,snap_angle,3.31,-0.3555,5.4561
M015_P05,M015,4.2291,6.0,0.9026420584144798,18.21106818181818,2.4781939739554324,267.04242424242426,51.16577243567612,0.3333333333333333,0.18181818181818182,0.3040967688073729,human,0,normal,0,0.0,reaction_mean,0.39,-0.1775,-0.1031
M015_P06,M015,4.2363,6.0,0.9024683783452158,12.74071052631579,2.5117007726845566,283.1852941176471,49.26119089809698,0.2647058823529412,0.0,0.49373611373745646,human,0,normal,0,0.0,headshot_rate,1.5,-0.3741,-1.3684
M015_P07,M015,4.1650133333333335,6.0,0.9419532541118988,18.583243902439026,2.229780761129779,250.4606060606061,58.82892538642204,0.42424242424242425,0.35714285714285715,0.4983192110103026,human,0,normal,0,0.0,aim_jitter,1.16,0.1106,1.0106
M015_P08,M015,4.140656666666667,6.0,0.836617180362169,11.021333333333335,2.6355018127898275,282.5030303030303,68.6147555415765,0.24242424242424243,0.0,0.27654324700505944,human,0,normal,0,0.0,headshot_rate,1.5,-0.6362,-2.5338
M015_P09,M015,4.17578,6.0,0.8491865426477546,15.315,2.343515110501191,250.84249999999997,56.915474384028236,0.325,0.23076923076923078,0.27024909728797436,human,0,normal,0,0.0,aim_jitter,0.61,-0.3478,-0.1573
M015_P10,M015,4.214930000000001,6.0,0.8590531957201039,13.871648148148147,2.758362282580824,266.02790697674413,48.928034254312124,0.13953488372093023,0.3333333333333333,0.5472164763531249,human,0,normal,0,0.0,hit_rate,1.65,-0.6019,-1.2168
M016_P01,M016,4.242556666666666,6.0,0.8726998818234544,14.94252,2.7587231853954743,97.37441860465115,6.660583880570968,0.5348837209302325,0.30434782608695654,0.24182389031583926,triggerbot,-1,noise,1,2.6941,reaction_std,3.53,-0.5745,3.6626
M016_P02,M016,4.1471,6.0,0.8359012299433085,14.899355555555553,2.574934006346328,284.00476190476195,62.41862195703378,0.2857142857142857,0.16666666666666666,0.4171960754829778,human,0,normal,0,0.0,reaction_std,0.88,-0.5717,-1.3032
M016_P03,M016,4.213763333333333,6.0,0.9175609230348089,15.589415094339621,2.567261710083648,264.03333333333336,49.33827114928127,0.35555555555555557,0.1875,0.07636104578516507,human,0,normal,0,0.0,path_straightness,1.51,-0.1329,-0.3811
M016_P04,M016,4.099346666666667,6.0,0.8551001348522308,20.285048780487802,2.324726000873782,256.8472222222222,42.266714266910256,0.5277777777777778,0.47368421052631576,0.4901171400333426,human,0,normal,0,0.841,headshot_rate,1.95,-0.3278,2.2094
M016_P05,M016,4.239913333333333,6.0,0.8475965819350119,15.597375,2.569613723049795,283.7690476190476,58.63253274959068,0.21428571428571427,0.3333333333333333,0.20676439179838285,human,0,normal,0,0.0,hit_rate,1.01,-0.3613,-1.1512
M016_P06,M016,4.065149999999999,6.0,0.892538404502409,15.476816326530614,2.723019193562535,272.4,56.73712444530989,0.21875,0.14285714285714285,0.23631640737287332,human,0,normal,0,0.0,aim_jitter,1.24,-0.4911,-1.534
M016_P07,M016,4.203356666666667,6.0,0.8604918653246264,18.939771428571426,2.54680506786205,264.4607142857143,52.65340437296996,0.32142857142857145,0.0,0.2098574164672647,human,0,normal,0,0.0,headshot_rate,1.5,-0.4281,-0.5977
M016_P08,M016,4.177466666666667,6.0,0.8644172291447941,17.565162790697674,2.7639168643872347,282.9032258064516,56.766142983712676,0.16129032258064516,0.2,0.04630374927023118,human,0,normal,0,0.0,path_straightness,1.68,-0.4502,-1.71
M016_P09,M016,4.166013333333334,6.0,0.9497869360556057,17.242809523809523,2.42140508277013,249.79,60.56130180124986,0.26666666666666666,0.125,0.13425285246846463,human,0,normal,0,0.0,path_straightness,1.18,0.0223,-0.7119
M016_P10,M016,4.153396666666667,6.0,0.9383441792066806,17.34073684210527,2.274670340017947,252.59062500000002,51.4911414828772,0.46875,0.26666666666666666,0.19464772917489545,human,0,normal,0,0.0,hit_rate,1.14,0.081,0.9274
M017_P01,M017,4.179873333333333,6.0,0.8777907605764601,11.93360465116279,2.4940102691957473,280.0921052631579,55.9967971167992,0.21052631578947367,0.375,0.02139921214901179,human,0,normal,0,0.0,path_straightness,1.82,-0.24,-1.2858
M017_P02,M017,4.1399333333333335,6.0,0.9137093620053789,16.70758536585366,2.3950663426634304,270.62499999999994,49.541032776592665,0.3055555555555556,0.09090909090909091,0.5197186915863227,human,0,normal,0,0.0,path_straightness,1.03,-0.2922,-0.3238
M017_P03,M017,4.232906666666666,6.0,0.9019086735772096,13.916456521739129,2.4710304372508345,263.43888888888887,54.08039664783629,0.3333333333333333,0.08333333333333333,0.26910905927959977,human,0,normal,0,0.0,headshot_rate,0.89,-0.2201,-0.7843
M017_P04,M017,4.302373333333334,6.0,0.8776577489945171,19.222083333333334,2.1561224925882487,227.12105263157892,45.07582895098854,0.5,0.3684210526315789,0.671006813586534,human,0,normal,0,0.0,path_straightness,1.9,-0.0813,2.3174
M017_P05,M017,4.252509999999999,6.0,0.8373885409184547,14.015200000000002,2.458790529770956,237.0911764705882,60.854378431888954,0.29411764705882354,0.3,0.4992474391206744,human,0,normal,0,0.0,path_straightness,0.91,-0.4178,-0.3165
M017_P06,M017,4.19719,6.0,0.8641451479288437,22.865916666666664,2.1899784674404597,235.98666666666668,49.007231931717946,0.36666666666666664,0.0,0.4732533140460598,human,0,normal,0,0.0,headshot_rate,1.5,-0.3092,1.0217
M017_P07,M017,4.155256666666666,6.0,0.8673962252015329,18.090829787234043,2.470365018782491,266.56216216216217,45.515732025991426,0.32432432432432434,0.25,0.5964465994288471,human,0,normal,0,0.0,path_straightness,1.47,-0.464,0.3242
M017_P08,M017,4.161146666666667,6.0,0.9149817578580088,15.910333333333332,2.0910830240194542,237.328,52.299605798386914,0.28,0.2857142857142857,0.1994103561528844,human,0,normal,0,0.0,aim_jitter,1.83,0.0168,0.4454
M017_P09,M017,4.205586666666666,6.0,0.8040991734593952,13.174053571428573,2.586695326457542,253.41162790697675,39.26986127336942,0.32558139534883723,0.07142857142857142,0.2915299200492331,human,0,normal,0,0.0,headshot_rate,0.98,-0.7789,-0.4349
M017_P10,M017,4.21119,6.0,0.9186305791975299,13.05025,2.6033826517431415,283.7512820512821,61.61667952495908,0.2564102564102564,0.1,0.5675260694783457,human,0,normal,0,0.0,path_straightness,1.3,-0.2931,-1.6953
M018_P01,M018,4.260016666666667,6.0,0.9139097547652462,16.018232558139534,2.341909120816118,257.5424242424242,50.25540412671452,0.3333333333333333,0.09090909090909091,0.03470186365010128,human,0,normal,0,0.0,path_straightness,1.75,-0.0298,-0.291
M018_P02,M018,4.234353333333334,6.0,0.8699072693952564,12.502693877551021,2.63510342939354,255.2205128205128,49.24655574110411,0.20512820512820512,0.25,0.38269629562280394,human,0,normal,0,0.0,hit_rate,1.09,-0.4649,-1.0373
M018_P03,M018,4.213,6.0,0.903715333875814,21.174125,2.131166595581469,235.28333333333333,48.09718121241317,0.25,0.3333333333333333,0.6095961373307851,human,0,normal,0,0.0,aim_jitter,1.64,-0.0821,1.2158
M018_P04,M018,4.1832400000000005,6.0,0.8771658654925443,11.916849056603773,2.645459888822711,276.302380952381,52.52185370056944,0.35714285714285715,0.13333333333333333,0.5768608767290828,human,0,normal,0,0.0,path_straightness,1.36,-0.518,-0.9773
M018_P05,M018,4.228103333333333,6.0,0.8980259655329909,16.097,2.382566243703888,241.8,55.35209444071975,0.45,0.1111111111111111,0.39447519433864336,human,0,normal,0,0.0,hit_rate,0.98,-0.1692,0.3431
M018_P06,M018,4.30794,6.0,0.8928471106203704,18.664377777777773,2.410483221837592,263.1333333333333,50.91269838795482,0.3333333333333333,0.08333333333333333,0.12170698202649533,human,0,normal,0,0.0,path_straightness,1.25,-0.1027,-0.1897
M018_P07,M018,9.094463333333334,13.116,1.9116007463293108,19.2378,2.0036227289490878,238.7029411764706,61.00766213822811,0.4411764705882353,0.3333333333333333,0.18390774867214868,speedhack,-1,noise,1,6.859,mean_speed,7.22,12.6662,0.8764
M018_P08,M018,4.226226666666666,6.0,0.832373574693709,21.101242424242425,1.9272343715797793,204.80740740740737,59.39492937387531,0.25925925925925924,0.42857142857142855,0.732656792077786,human,-1,noise,1,1.0228,aim_jitter,2.63,-0.2063,1.7364
M018_P09,M018,4.177923333333333,6.0,0.8965431143985625,21.89682142857143,2.3755452972073288,246.54782608695655,52.2117387359945,0.5217391304347826,0.20833333333333334,0.2680604908107992,human,0,normal,0,0.0,hit_rate,1.58,-0.0941,1.4135
M018_P10,M018,4.18196,6.0,0.8977127821287411,13.38309756097561,2.474134993838286,283.6324324324325,60.357868188433,0.16216216216216217,0.16666666666666666,0.19598233650527613,human,0,normal,0,0.0,hit_rate,1.46,-0.2519,-1.8516
M019_P01,M019,4.212133333333334,6.0,0.8257645908007256,17.12490740740741,2.347708636958975,244.58780487804884,51.04387913904052,0.43902439024390244,0.2222222222222222,0.39990836581735495,human,0,normal,0,0.0,hit_rate,0.89,-0.4316,0.7956
M019_P02,M019,4.208033333333334,6.0,0.9012637052737125,15.034705882352942,2.6065139369505195,252.75526315789475,62.900155533552486,0.42105263157894735,0.125,0.6113903963896398,human,0,normal,0,0.0,path_straightness,1.56,-0.3032,-0.4494
M019_P03,M019,4.15936,6.0,0.8543615330548769,11.125951219512196,2.6471307650436784,288.1363636363636,40.242924985190086,0.30303030303030304,0.2,0.12658733065313355,human,0,normal,0,0.0,snap_angle,1.28,-0.5683,-1.05
M019_P04,M019,4.202326666666666,6.0,0.8835243200023837,19.03732558139535,2.1215906949883245,226.83529411764704,53.06359182324167,0.3235294117647059,0.2727272727272727,0.3966091266882125,human,0,normal,0,0.0,aim_jitter,1.69,-0.1033,1.0405
M019_P05,M019,4.196443333333334,6.0,0.8953819088324473,20.670673913043483,2.2752010079531746,245.85806451612902,52.52726767558318,0.22580645161290322,0.42857142857142855,0.576077954229172,human,0,normal,0,0.0,headshot_rate,1.62,-0.1371,0.7763
M019_P06,M019,4.178883333333333,6.0,0.8760487969882561,14.665575,2.6089481285816967,267.64705882352945,52.55513258269181,0.2647058823529412,0.1111111111111111,0.32019489215942143,human,0,normal,0,0.0,headshot_rate,0.69,-0.456,-1.0993
M019_P07,M019,4.20031,6.0,0.9267287130503582,14.674972222222225,2.7500398302088898,286.9866666666667,56.58322971568052,0.16666666666666666,0.0,0.23172496029710615,human,0,normal,0,0.0,headshot_rate,1.5,-0.3208,-2.3204
M019_P08,M019,4.267356666666666,6.0,0.8944462400708114,16.342256410256407,2.458602884087742,271.8518518518518,60.849179062601934,0.4444444444444444,0.25,0.25912040348701454,human,0,normal,0,0.0,hit_rate,0.93,-0.0631,-0.0644
M019_P09,M019,4.259003333333333,6.0,0.8602071831728463,18.261229166666666,2.308973544672496,225.38857142857142,67.34270462007164,0.2571428571428571,0.3333333333333333,0.38311869491200873,human,0,normal,0,0.0,reaction_std,1.27,-0.1577,0.077
M019_P10,M019,4.191146666666667,6.0,0.9264079035905326,26.083096774193553,1.7701478393596997,64.78571428571429,8.081663548693777,0.6190476190476191,0.23076923076923078,0.38737991625843826,triggerbot,-1,noise,1,2.9881,reaction_mean,4.28,0.085,6.6931
M020_P01,M020,4.1908,6.0,0.8886800327839578,14.620357142857145,2.485806364250394,96.94,7.794953118373905,0.37142857142857144,0.23076923076923078,0.3948294264065912,triggerbot,-1,noise,1,2.5488,reaction_mean,3.54,-0.547,3.2149
M020_P02,M020,4.151403333333333,6.0,0.8757519925739324,16.718254545454545,2.2813770609023347,252.62826086956525,56.23801270016365,0.41304347826086957,0.3157894736842105,0.4078084304553705,human,0,normal,0,0.0,aim_jitter,0.91,-0.2081,0.6608
M020_P03,M020,4.224816666666666,6.0,0.9303103788838893,16.917735294117648,2.597490958231844,259.13913043478266,38.85437543081316,0.34782608695652173,0.375,0.31380740523640416,human,0,normal,0,0.0,headshot_rate,1.23,-0.1287,0.5627
M020_P04,M020,7.535663333333332,10.908,1.6041727141984488,16.383958333333336,2.82449819732944,251.9210526315789,50.9314332820049,0.23684210526315788,0.2222222222222222,0.333990673843261,speedhack,-1,noise,1,4.7768,max_speed,4.93,8.2006,-1.2047
M020_P05,M020,4.1491,6.0,0.8645802488427337,15.740686274509804,2.55000625259922,66.39487179487179,7.974398136601008,0.41025641025641024,0.125,0.21068824083306484,triggerbot,-1,noise,1,2.7955,reaction_mean,4.24,-0.6801,3.4454
M020_P06,M020,4.147693333333334,6.0,0.893193177760677,15.987769230769228,2.5365380101358883,277.94848484848484,49.50756963089155,0.2727272727272727,0.2222222222222222,0.5105248039817015,human,0,normal,0,0.0,path_straightness,0.98,-0.3945,-0.5449
M020_P07,M020,4.224046666666667,6.0,0.8955871513376158,17.043574999999997,2.4317945798954788,258.1941176470589,56.47127422711679,0.35294117647058826,0.16666666666666666,0.25561419220257203,human,0,normal,0,0.0,path_straightness,0.48,-0.1596,-0.2035
M020_P08,M020,4.207496666666667,6.0,0.8713457108489939,12.48091111111111,2.482160606436732,258.71794871794873,48.71458158333505,0.20512820512820512,0.0,0.00838190268479611,human,0,normal,0,0.0,path_straightness,1.9,-0.4061,-1.5097
M020_P09,M020,4.213026666666666,6.0,0.8605383703891004,15.198239130434784,2.6521708526674557,264.8780487804878,58.96588213617737,0.24390243902439024,0.2,0.4280681918395016,human,0,normal,0,0.0,aim_jitter,0.89,-0.4736,-1.1555
M020_P10,M020,4.1506,6.0,0.8341472284088747,13.174977777777778,2.7341507139797936,270.8142857142857,45.164699534410865,0.2,0.2857142857142857,0.3822112069692601,human,0,normal,0,0.0,aim_jitter,1.29,-0.7245,-1.0873
