tick,pos_x,pos_y,speed,yaw,pitch,yaw_delta,enemy_visible,is_firing,reaction_ms,is_hit,is_headshot
0,983.04,709.79,3.641,149.896,-0.336,1.108,0,0,,0,0
1,978.87,711.47,4.494,153.024,-0.462,3.128,0,0,,0,0
2,974.2,712.58,4.805,147.303,-0.808,-5.721,0,0,,0,0
3,970.72,713.44,3.579,149.685,-0.008,2.382,0,0,,0,0
4,966.53,713.37,4.191,152.392,0.937,2.707,0,0,,0,0
5,961.75,713.4,4.778,156.43,1.717,4.038,0,0,,0,0
6,957.12,712.46,4.733,153.63,1.827,-2.8,0,0,,0,0
7,952.07,709.23,6.0,151.853,1.816,-1.777,0,0,,0,0
8,949.71,705.55,4.367,151.542,2.38,-0.311,0,0,,0,0
9,947.29,703.28,3.32,154.48,2.437,2.939,0,0,,0,0
10,943.4,699.73,5.269,154.316,2.749,-0.164,0,0,,0,0
11,941.23,696.1,4.226,150.495,1.764,-3.822,0,0,,0,0
12,939.84,692.75,3.621,150.214,1.84,-0.281,0,0,,0,0
13,938.51,688.95,4.028,154.738,1.974,4.524,0,0,,0,0
14,936.07,685.85,3.948,148.277,1.623,-6.461,0,0,,0,0
15,934.76,681.88,4.184,149.669,1.722,1.393,0,0,,0,0
16,935.49,678.65,3.311,147.563,1.858,-2.107,0,0,,0,0
17,936.02,675.59,3.108,146.541,3.206,-1.022,0,0,,0,0
18,938.37,672.0,4.285,143.694,3.028,-2.847,0,0,,0,0
19,940.32,669.45,3.217,149.278,3.804,5.584,0,0,,0,0
20,944.06,665.39,5.513,151.808,0.972,2.529,0,0,,0,0
21,946.37,662.47,3.728,151.444,0.779,-0.363,0,0,,0,0
22,947.66,660.45,2.394,98.95,1.072,-52.495,1,1,189.8,0,0
23,949.4,656.35,4.449,95.226,-0.173,-3.724,0,0,,0,0
24,950.97,653.84,2.965,94.195,-1.711,-1.031,0,0,,0,0
25,951.75,650.38,3.547,95.589,-0.736,1.393,0,0,,0,0
26,952.75,648.11,2.487,98.554,-1.295,2.965,0,0,,0,0
27,955.67,643.61,5.361,63.698,-1.723,-34.856,1,0,,0,0
28,957.28,641.18,2.917,64.209,-2.643,0.511,0,0,,0,0
29,959.77,638.3,3.799,63.485,-3.887,-0.724,0,0,,0,0
30,961.52,636.52,2.496,61.209,-3.315,-2.276,0,0,,0,0
31,962.44,634.65,2.091,57.161,-4.906,-4.048,0,0,,0,0
32,964.38,630.28,4.773,102.99,-4.489,45.829,1,0,,0,0
33,965.67,628.28,2.381,98.055,-5.371,-4.936,0,0,,0,0
34,968.61,624.56,4.741,95.442,-6.161,-2.613,0,0,,0,0
35,970.44,621.52,3.553,116.767,-5.968,21.326,1,1,270.7,0,0
36,972.99,617.22,4.998,114.263,-5.835,-2.505,0,0,,0,0
37,976.27,614.03,4.574,111.068,-6.128,-3.195,0,0,,0,0
38,979.38,611.01,4.336,108.805,-6.554,-2.263,0,0,,0,0
39,981.98,609.03,3.27,106.248,-5.598,-2.557,0,0,,0,0
40,985.7,606.36,4.575,102.951,-4.142,-3.297,0,0,,0,0
41,991.04,605.23,5.465,100.93,-3.349,-2.021,0,0,,0,0
42,994.53,604.7,3.531,95.037,-3.45,-5.893,0,0,,0,0
43,998.49,603.53,4.124,125.155,-2.555,30.118,1,1,240.9,0,0
44,1000.0,603.58,3.814,129.746,-3.169,4.591,0,0,,0,0
45,1000.0,603.07,2.997,129.758,-2.376,0.012,0,0,,0,0
46,1000.0,603.27,4.157,129.994,-1.464,0.236,0,0,,0,0
47,1000.0,604.23,3.537,124.956,-1.874,-5.038,0,0,,0,0
48,1000.0,606.11,4.658,129.444,-2.069,4.488,0,0,,0,0
49,1000.0,608.06,3.851,127.977,-1.245,-1.467,1,1,228.5,1,1
50,1000.0,609.21,2.515,123.37,-1.865,-4.608,0,0,,0,0
51,1000.0,610.09,3.259,122.78,-0.413,-0.589,0,0,,0,0
52,1000.0,611.28,2.812,122.281,-0.897,-0.499,0,0,,0,0
53,1000.0,614.52,5.09,118.519,1.111,-3.763,0,0,,0,0
54,1000.0,617.0,4.716,123.22,1.858,4.701,0,0,,0,0
55,1000.0,618.91,4.606,119.432,2.309,-3.788,0,0,,0,0
56,1000.0,620.56,3.261,120.227,1.65,0.795,0,0,,0,0
57,1000.0,623.29,3.567,123.957,3.329,3.73,0,0,,0,0
58,1000.0,626.9,3.981,121.96,1.503,-1.996,0,0,,0,0
59,1000.0,631.63,4.836,115.281,2.551,-6.68,0,0,,0,0
60,1000.0,634.66,3.925,115.946,4.155,0.665,0,0,,0,0
61,1000.0,637.79,4.552,118.208,5.425,2.263,0,0,,0,0
62,1000.0,640.17,3.947,118.053,3.552,-0.155,0,0,,0,0
63,1000.0,642.39,4.219,119.082,5.147,1.029,0,0,,0,0
64,1000.0,643.0,4.204,118.934,4.228,-0.148,0,0,,0,0
65,1000.0,644.38,3.934,117.178,2.991,-1.756,0,0,,0,0
66,1000.0,643.74,4.192,119.033,0.94,1.856,0,0,,0,0
67,1000.0,643.11,5.627,119.955,1.701,0.922,0,0,,0,0
68,1000.0,643.78,4.084,119.751,3.106,-0.204,0,0,,0,0
69,1000.0,644.23,2.399,148.517,3.191,28.766,1,0,,0,0
70,1000.0,644.86,3.245,145.281,4.149,-3.236,1,1,235.8,1,0
71,1000.0,646.98,5.741,139.409,2.917,-5.872,0,0,,0,0
72,1000.0,647.88,1.878,138.915,3.547,-0.494,0,0,,0,0
73,1000.0,648.12,3.63,140.937,2.896,2.022,0,0,,0,0
74,1000.0,648.12,3.424,143.969,4.299,3.032,0,0,,0,0
75,1000.0,648.56,4.909,140.8,3.109,-3.169,0,0,,0,0
76,1000.0,650.3,5.059,137.403,4.034,-3.397,1,0,,0,0
77,1000.0,651.24,3.017,192.196,4.355,54.793,1,1,200.9,0,0
78,1000.0,650.6,4.495,192.997,4.076,0.8,0,0,,0,0
79,1000.0,648.3,3.217,189.172,2.898,-3.825,0,0,,0,0
80,1000.0,644.56,4.845,187.386,0.841,-1.786,0,0,,0,0
81,1000.0,640.72,5.022,186.382,0.35,-1.004,0,0,,0,0
82,1000.0,638.24,3.962,186.346,0.38,-0.036,0,0,,0,0
83,1000.0,636.71,3.68,190.389,3.867,4.043,0,0,,0,0
84,1000.0,633.71,3.942,191.26,5.926,0.871,0,0,,0,0
85,1000.0,630.69,4.937,196.372,6.441,5.112,0,0,,0,0
86,1000.0,628.67,3.145,193.609,9.169,-2.763,0,0,,0,0
87,1000.0,623.91,5.859,191.873,9.807,-1.736,0,0,,0,0
88,1000.0,620.94,4.643,188.53,9.729,-3.343,0,0,,0,0
89,1000.0,619.22,4.766,186.5,7.355,-2.03,0,0,,0,0
90,1000.0,617.72,3.504,188.482,8.108,1.982,0,0,,0,0
91,1000.0,618.64,4.552,188.081,7.773,-0.401,0,0,,0,0
92,1000.0,618.46,4.476,196.113,7.211,8.032,1,1,240.6,1,0
93,1000.0,616.6,5.821,194.489,8.622,-1.624,0,0,,0,0
94,1000.0,613.42,5.367,196.142,10.914,1.653,0,0,,0,0
95,1000.0,611.59,3.336,195.774,10.459,-0.368,0,0,,0,0
96,1000.0,608.95,3.502,196.034,10.529,0.26,0,0,,0,0
97,1000.0,604.86,4.722,196.872,9.833,0.838,0,0,,0,0
98,1000.0,602.46,4.043,201.307,10.798,4.435,0,0,,0,0
99,1000.0,600.84,4.001,203.462,8.962,2.155,0,0,,0,0
100,1000.0,598.28,4.716,201.729,8.456,-1.733,0,0,,0,0
101,1000.0,595.46,4.035,201.919,9.187,0.19,0,0,,0,0
102,1000.0,593.77,4.241,202.487,8.113,0.568,0,0,,0,0
103,1000.0,590.44,4.537,199.814,9.139,-2.672,0,0,,0,0
104,1000.0,587.64,3.795,198.272,9.962,-1.543,0,0,,0,0
105,1000.0,584.62,3.092,197.558,9.609,-0.714,0,0,,0,0
106,1000.0,582.37,2.418,228.578,9.501,31.02,1,0,,0,0
107,1000.0,578.0,4.741,232.175,9.171,3.597,0,0,,0,0
108,1000.0,574.18,4.219,233.591,8.303,1.416,0,0,,0,0
109,1000.0,571.59,3.862,233.541,9.27,-0.05,0,0,,0,0
110,1000.0,569.18,3.709,231.508,9.943,-2.033,0,0,,0,0
111,1000.0,567.43,4.181,202.445,9.852,-29.063,1,1,203.1,1,0
112,1000.0,566.73,4.44,196.274,11.533,-6.171,0,0,,0,0
113,1000.0,566.78,1.403,198.834,10.524,2.56,0,0,,0,0
114,1000.0,568.05,4.861,201.532,12.574,2.698,0,0,,0,0
115,1000.0,567.91,3.223,203.113,13.619,1.581,0,0,,0,0
116,1000.0,567.7,3.464,204.211,13.531,1.098,0,0,,0,0
117,1000.0,566.72,4.803,202.981,12.203,-1.23,0,0,,0,0
118,1000.0,567.84,4.532,202.448,11.507,-0.533,0,0,,0,0
119,1000.0,568.76,2.694,200.096,10.72,-2.351,0,0,,0,0
120,1000.0,569.97,6.0,201.806,8.866,1.71,0,0,,0,0
121,1000.0,570.83,5.097,205.046,9.019,3.24,0,0,,0,0
122,1000.0,570.77,3.331,205.855,9.772,0.809,0,0,,0,0
123,1000.0,569.29,3.699,206.353,10.578,0.497,0,0,,0,0
124,1000.0,567.26,4.11,204.723,11.22,-1.63,0,0,,0,0
125,1000.0,565.52,3.936,211.241,10.821,6.518,0,0,,0,0
126,1000.0,561.81,5.091,211.154,9.807,-0.087,0,0,,0,0
127,1000.0,558.85,5.378,187.35,9.815,-23.804,1,1,245.8,1,0
128,1000.0,555.81,4.083,186.734,8.753,-0.616,0,0,,0,0
129,1000.0,553.79,3.508,184.541,8.226,-2.193,0,0,,0,0
130,1000.0,551.59,2.675,182.618,7.036,-1.923,0,0,,0,0
131,1000.0,547.46,5.105,179.355,5.021,-3.263,0,0,,0,0
132,1000.0,542.5,6.0,183.059,3.888,3.704,0,0,,0,0
133,1000.0,539.63,4.124,191.461,3.534,8.403,1,1,217.0,0,0
134,1000.0,537.45,3.025,193.054,4.355,1.593,0,0,,0,0
135,1000.0,532.79,5.389,194.594,2.972,1.54,0,0,,0,0
136,1000.0,529.86,4.32,196.124,3.351,1.53,0,0,,0,0
137,1000.0,526.65,4.783,193.453,3.857,-2.671,0,0,,0,0
138,1000.0,525.23,3.015,156.913,3.409,-36.541,1,0,,0,0
139,1000.0,523.39,3.717,152.418,3.997,-4.494,0,0,,0,0
140,1000.0,520.41,4.555,149.518,2.621,-2.9,0,0,,0,0
141,1000.0,517.81,3.42,152.431,0.918,2.912,0,0,,0,0
142,1000.0,514.23,5.346,156.603,1.619,4.172,0,0,,0,0
143,1000.0,511.67,4.184,200.802,1.981,44.198,1,1,208.2,1,1
144,1000.0,509.17,4.133,204.366,3.913,3.564,0,0,,0,0
145,1000.0,504.33,5.512,207.33,3.551,2.964,0,0,,0,0
146,1000.0,499.89,6.0,203.959,4.267,-3.371,0,0,,0,0
147,1000.0,496.25,4.081,206.802,3.687,2.844,0,0,,0,0
148,1000.0,491.04,5.78,208.327,4.32,1.525,0,0,,0,0
149,1000.0,488.39,3.306,202.839,2.351,-5.488,0,0,,0,0
150,1000.0,486.59,4.058,209.422,1.421,6.583,0,0,,0,0
151,1000.0,483.59,4.914,207.405,-0.182,-2.017,0,0,,0,0
152,1000.0,481.53,2.615,249.549,-1.015,42.144,1,1,234.1,0,0
153,1000.0,480.16,1.718,249.136,0.58,-0.413,0,0,,0,0
154,1000.0,475.49,5.968,245.095,1.676,-4.041,0,0,,0,0
155,1000.0,473.13,3.99,195.906,1.074,-49.189,1,1,279.2,0,0
156,1000.0,470.48,4.692,194.91,2.617,-0.996,0,0,,0,0
157,1000.0,468.6,6.0,194.49,2.417,-0.42,0,0,,0,0
158,1000.0,466.35,5.463,201.214,1.929,6.724,0,0,,0,0
159,1000.0,466.41,4.125,203.598,1.261,2.385,0,0,,0,0
160,1000.0,465.71,3.731,204.207,1.654,0.608,0,0,,0,0
161,1000.0,465.02,3.197,206.084,1.237,1.877,0,0,,0,0
162,1000.0,463.76,3.364,203.583,2.388,-2.501,0,0,,0,0
163,1000.0,460.56,4.829,233.202,2.179,29.619,1,1,269.9,0,0
164,1000.0,459.07,3.484,265.108,1.946,31.905,1,0,,0,0
165,1000.0,457.63,4.551,265.199,1.858,0.091,0,0,,0,0
166,1000.0,456.72,3.87,268.358,2.08,3.159,0,0,,0,0
167,1000.0,456.37,4.18,267.927,1.679,-0.431,0,0,,0,0
168,1000.0,455.64,5.193,266.609,0.09,-1.318,0,0,,0,0
169,1000.0,456.49,5.061,209.192,0.808,-57.417,1,1,222.4,1,1
170,1000.0,457.0,5.316,200.222,0.358,-8.97,1,1,204.6,1,1
171,1000.0,457.01,4.292,199.73,0.505,-0.491,0,0,,0,0
172,1000.0,454.87,4.192,200.958,-0.158,1.228,0,0,,0,0
173,1000.0,452.1,5.146,145.279,-0.356,-55.679,1,1,211.9,0,0
174,1000.0,448.99,5.489,141.92,1.353,-3.359,0,0,,0,0
175,1000.0,446.14,4.414,144.321,0.013,2.401,0,0,,0,0
176,1000.0,442.4,4.511,145.221,-1.007,0.9,0,0,,0,0
177,1000.0,438.22,4.626,141.633,-1.919,-3.588,0,0,,0,0
178,1000.0,432.3,6.0,137.39,0.171,-4.242,0,0,,0,0
179,1000.0,428.13,4.186,140.21,0.026,2.819,0,0,,0,0
180,1000.0,425.26,3.002,99.323,0.827,-40.887,1,1,257.9,0,0
181,1000.0,423.87,1.395,35.455,0.31,-63.868,1,0,,0,0
182,1000.0,420.6,4.489,7.331,-0.057,-28.124,1,1,217.7,1,1
183,1000.0,418.3,3.059,6.783,-0.097,-0.548,0,0,,0,0
184,1000.0,415.17,4.803,4.242,0.288,-2.541,0,0,,0,0
185,1000.0,413.53,4.423,3.495,-0.688,-0.748,0,0,,0,0
186,1000.0,413.27,3.507,5.032,-3.125,1.538,0,0,,0,0
187,1000.0,415.23,4.091,2.677,-3.288,-2.356,0,0,,0,0
188,1000.0,416.64,3.502,0.219,-4.126,-2.458,0,0,,0,0
189,1000.0,419.35,5.495,0.58,-3.933,0.361,0,0,,0,0
190,1000.0,423.23,5.734,-0.71,-2.141,-1.29,0,0,,0,0
191,1000.0,424.95,4.026,-2.994,-3.1,-2.285,0,0,,0,0
192,1000.0,427.3,3.935,-0.381,-3.458,2.613,0,0,,0,0
193,1000.0,430.28,3.858,2.344,-2.823,2.725,0,0,,0,0
194,1000.0,434.33,4.424,2.069,-2.137,-0.275,0,0,,0,0
195,999.05,438.29,4.068,5.235,-1.412,3.166,0,0,,0,0
196,997.71,442.09,4.026,-39.398,-1.893,-44.633,1,1,217.3,0,0
197,997.84,445.45,3.365,-39.437,-2.187,-0.04,0,0,,0,0
198,997.95,449.65,4.2,-40.217,-3.789,-0.78,0,0,,0,0
199,997.44,452.44,2.843,-40.5,-2.343,-0.282,0,0,,0,0
200,997.47,456.88,4.438,-57.922,-2.134,-17.422,1,0,,0,0
201,997.84,461.66,4.798,-57.493,-0.774,0.429,0,0,,0,0
202,998.31,464.95,3.317,-60.937,-1.228,-3.443,0,0,,0,0
203,1000.0,467.67,3.906,-61.681,-3.239,-0.744,0,0,,0,0
204,1000.0,472.09,5.229,-61.215,-4.114,0.466,0,0,,0,0
205,1000.0,474.99,4.381,-57.741,-4.174,3.474,0,0,,0,0
206,1000.0,478.27,5.074,-54.561,-2.879,3.18,0,0,,0,0
207,1000.0,481.2,4.454,-53.17,-1.839,1.391,0,0,,0,0
208,1000.0,484.49,3.751,-53.412,-2.479,-0.242,0,0,,0,0
209,1000.0,487.1,3.078,-52.037,-4.3,1.375,0,0,,0,0
210,999.72,490.86,3.765,-55.81,-3.82,-3.773,0,0,,0,0
211,996.84,493.43,3.865,-56.308,-4.266,-0.498,0,0,,0,0
212,994.24,495.97,3.63,-58.728,-4.745,-2.419,0,0,,0,0
213,990.78,499.57,4.998,-29.315,-5.78,29.413,1,1,199.4,0,0
214,986.07,503.02,5.835,-29.96,-5.759,-0.645,0,0,,0,0
215,982.23,505.75,4.707,-30.497,-5.286,-0.536,0,0,,0,0
216,979.25,508.62,4.14,-33.138,-6.6,-2.641,0,0,,0,0
217,975.1,510.49,4.553,-28.956,-7.202,4.182,0,0,,0,0
218,971.08,512.39,4.44,-29.762,-5.543,-0.807,0,0,,0,0
219,966.93,513.26,4.243,-28.077,-5.685,1.685,0,0,,0,0
220,962.58,515.08,4.721,-15.53,-5.615,12.547,1,1,202.9,1,0
221,959.47,516.93,3.618,35.836,-5.911,51.366,1,1,215.1,0,0
222,956.17,519.18,3.992,36.967,-5.632,1.131,0,0,,0,0
223,951.99,519.72,4.214,36.428,-5.908,-0.539,0,0,,0,0
224,949.38,521.17,2.987,38.454,-5.518,2.025,0,0,,0,0
225,946.98,522.91,2.965,36.476,-7.215,-1.977,0,0,,0,0
226,944.07,525.99,4.236,38.063,-6.7,1.587,0,0,,0,0
227,940.4,527.87,4.127,33.845,-7.639,-4.219,0,0,,0,0
228,935.52,529.24,5.067,34.305,-6.611,0.46,0,0,,0,0
229,931.64,532.14,4.84,35.091,-5.46,0.786,0,0,,0,0
230,928.86,533.61,3.146,36.038,-5.381,0.947,0,0,,0,0
231,923.84,533.92,5.026,34.049,-4.607,-1.988,0,0,,0,0
232,922.12,534.13,1.738,36.338,-6.158,2.289,0,0,,0,0
233,918.81,534.15,3.308,36.123,-6.336,-0.215,0,0,,0,0
234,915.84,533.17,3.127,36.505,-7.512,0.382,0,0,,0,0
235,910.94,532.82,4.914,38.438,-8.419,1.933,0,0,,0,0
236,908.32,531.68,2.851,39.765,-6.151,1.326,0,0,,0,0
237,903.99,529.59,4.815,37.562,-6.068,-2.203,0,0,,0,0
238,898.25,527.84,6.0,30.697,-6.019,-6.865,0,0,,0,0
239,894.57,525.42,4.4,28.371,-7.16,-2.327,0,0,,0,0
240,890.84,523.69,4.117,29.633,-7.515,1.262,0,0,,0,0
241,888.4,523.6,2.442,27.576,-5.795,-2.056,0,0,,0,0
242,883.46,523.24,4.948,26.187,-5.709,-1.389,0,0,,0,0
243,879.15,522.52,4.374,26.591,-7.465,0.404,0,0,,0,0
244,875.89,521.87,3.318,25.204,-8.059,-1.387,0,0,,0,0
245,871.07,520.32,5.065,65.448,-8.321,40.244,1,1,217.6,0,0
246,867.43,518.8,3.944,65.012,-5.427,-0.436,0,0,,0,0
247,864.08,518.01,3.448,66.966,-7.04,1.954,0,0,,0,0
248,861.97,517.22,2.247,66.826,-6.55,-0.14,0,0,,0,0
249,858.92,515.67,3.425,69.286,-7.527,2.461,0,0,,0,0
250,853.88,515.78,5.037,67.832,-7.879,-1.455,0,0,,0,0
251,849.47,516.81,4.535,70.186,-6.989,2.355,0,0,,0,0
252,845.9,518.09,3.792,74.17,-6.759,3.983,0,0,,0,0
253,842.59,519.93,3.784,79.037,-5.814,4.868,0,0,,0,0
254,838.47,523.54,5.479,75.2,-5.385,-3.837,0,0,,0,0
255,835.2,525.56,3.845,67.785,-4.092,-7.416,0,0,,0,0
256,831.95,528.49,4.372,154.036,-4.245,86.252,1,1,216.2,1,0
257,827.51,532.52,6.0,208.981,-3.95,54.944,1,0,,0,0
258,823.3,534.63,4.701,208.575,-4.728,-0.405,0,0,,0,0
259,820.93,535.58,2.554,207.754,-7.879,-0.821,0,0,,0,0
260,818.93,535.03,2.076,201.183,-9.779,-6.572,0,0,,0,0
261,813.19,535.2,5.744,199.819,-8.692,-1.364,0,0,,0,0
262,809.7,533.77,3.772,198.649,-10.592,-1.17,0,0,,0,0
263,805.87,531.41,4.498,199.912,-9.983,1.262,0,0,,0,0
264,801.2,529.88,4.912,204.611,-9.46,4.7,0,0,,0,0
265,797.21,530.15,4.004,205.478,-10.2,0.867,0,0,,0,0
266,791.98,528.53,5.479,231.47,-9.926,25.992,1,1,272.2,0,0
267,788.16,527.6,3.931,238.844,-9.872,7.374,0,0,,0,0
268,785.04,526.49,3.31,237.055,-11.008,-1.789,0,0,,0,0
269,780.05,526.36,4.99,240.472,-10.432,3.417,0,0,,0,0
270,775.04,524.78,5.249,242.452,-12.205,1.98,0,0,,0,0
271,771.4,524.81,3.641,238.215,-11.993,-4.237,0,0,,0,0
272,766.4,523.12,5.285,240.344,-12.118,2.129,0,0,,0,0
273,762.59,521.7,4.064,242.136,-13.581,1.792,0,0,,0,0
274,759.43,519.77,3.701,244.878,-14.469,2.743,0,0,,0,0
275,755.27,516.99,4.999,242.743,-15.252,-2.135,0,0,,0,0
276,751.98,515.39,3.661,242.012,-15.742,-0.731,0,0,,0,0
277,748.73,513.69,3.669,254.701,-15.615,12.689,1,1,223.4,0,0
278,745.2,511.42,4.198,256.394,-15.095,1.693,0,0,,0,0
279,742.14,508.64,4.131,258.1,-14.134,1.706,0,0,,0,0
280,738.27,506.28,4.538,259.158,-11.946,1.058,0,0,,0,0
281,735.13,504.34,3.694,257.328,-13.234,-1.83,0,0,,0,0
282,731.75,502.99,3.636,237.933,-13.143,-19.396,1,0,,0,0
283,727.95,499.62,5.076,240.253,-12.758,2.321,0,0,,0,0
284,724.06,496.12,5.23,240.631,-11.959,0.377,0,0,,0,0
285,722.24,493.96,2.833,237.196,-11.294,-3.435,0,0,,0,0
286,718.35,492.24,4.248,236.513,-10.427,-0.682,0,0,,0,0
287,716.24,488.56,4.24,203.787,-10.756,-32.727,1,0,,0,0
288,715.08,484.2,4.511,207.441,-10.707,3.655,0,0,,0,0
289,712.86,481.23,3.711,205.374,-11.216,-2.068,0,0,,0,0
290,710.11,476.94,5.09,203.776,-10.307,-1.597,0,0,,0,0
291,708.99,473.62,3.511,205.247,-10.678,1.471,0,0,,0,0
292,708.71,470.32,3.312,200.157,-10.12,-5.09,0,0,,0,0
293,706.72,464.66,6.0,201.164,-8.711,1.007,0,0,,0,0
294,705.91,463.63,1.305,198.768,-9.849,-2.397,0,0,,0,0
295,702.84,463.04,3.127,201.582,-10.723,2.815,0,0,,0,0
296,698.86,465.01,4.443,202.975,-10.755,1.393,0,0,,0,0
297,692.91,464.92,5.947,206.572,-10.753,3.597,0,0,,0,0
298,688.87,464.0,4.143,208.936,-8.498,2.363,0,0,,0,0
299,684.64,462.65,4.437,202.764,-8.626,-6.172,0,0,,0,0
